Physician_ID,Specialty,Historical_Prescriptions,Digital_Ads_Impressions,Sales_Rep_Visits,Samples_Dropped,Region,Cluster,Segment
PHY-00001,Cardiology,104,59,9,16,South,1,Low Engagement Profiles
PHY-00002,GP,155,5374,4,20,West,0,High-Touch Advocates
PHY-00003,GP,80,351,7,16,Midwest,1,Low Engagement Profiles
PHY-00004,Cardiology,93,253,4,17,West,2,Digital-First Responders
PHY-00005,Oncology,129,3334,8,17,West,0,High-Touch Advocates
PHY-00006,Oncology,148,2004,5,18,South,2,Digital-First Responders
PHY-00007,Oncology,135,2280,7,17,West,1,Low Engagement Profiles
PHY-00008,GP,83,1645,5,14,South,2,Digital-First Responders
PHY-00009,GP,77,696,8,16,Northeast,1,Low Engagement Profiles
PHY-00010,GP,84,1063,5,13,Northeast,2,Digital-First Responders
PHY-00011,Oncology,81,550,3,16,South,2,Digital-First Responders
PHY-00012,GP,94,487,8,17,Northeast,1,Low Engagement Profiles
PHY-00013,GP,112,2524,12,11,Midwest,1,Low Engagement Profiles
PHY-00014,Oncology,119,280,10,15,West,1,Low Engagement Profiles
PHY-00015,Oncology,117,554,3,17,Midwest,2,Digital-First Responders
PHY-00016,Oncology,111,1114,3,8,West,2,Digital-First Responders
PHY-00017,Cardiology,121,1445,9,13,Northeast,1,Low Engagement Profiles
PHY-00018,Cardiology,93,375,7,13,Midwest,1,Low Engagement Profiles
PHY-00019,Cardiology,79,1841,4,10,Northeast,2,Digital-First Responders
PHY-00020,Cardiology,121,1578,5,13,West,2,Digital-First Responders
PHY-00021,GP,96,3296,3,13,South,0,High-Touch Advocates
PHY-00022,Oncology,90,1463,4,9,South,2,Digital-First Responders
PHY-00023,Cardiology,113,1976,5,19,Midwest,2,Digital-First Responders
PHY-00024,Cardiology,74,731,4,9,Northeast,2,Digital-First Responders
PHY-00025,Cardiology,114,759,4,13,Northeast,2,Digital-First Responders
PHY-00026,GP,100,417,8,16,Midwest,1,Low Engagement Profiles
PHY-00027,Oncology,107,738,7,18,South,1,Low Engagement Profiles
PHY-00028,Cardiology,101,1051,4,19,West,2,Digital-First Responders
PHY-00029,Cardiology,114,3081,5,16,Midwest,0,High-Touch Advocates
PHY-00030,Oncology,111,643,6,17,West,1,Low Engagement Profiles
PHY-00031,GP,124,5002,4,14,South,0,High-Touch Advocates
PHY-00032,Oncology,108,2100,3,10,Northeast,2,Digital-First Responders
PHY-00033,Oncology,127,1807,7,15,South,1,Low Engagement Profiles
PHY-00034,GP,79,1379,9,15,Midwest,1,Low Engagement Profiles
PHY-00035,GP,83,1187,9,10,Northeast,1,Low Engagement Profiles
PHY-00036,GP,59,836,7,12,Midwest,1,Low Engagement Profiles
PHY-00037,Cardiology,86,359,7,15,Midwest,1,Low Engagement Profiles
PHY-00038,Oncology,112,663,7,15,South,1,Low Engagement Profiles
PHY-00039,GP,115,3843,9,12,Midwest,0,High-Touch Advocates
PHY-00040,Cardiology,106,2011,6,20,South,1,Low Engagement Profiles
PHY-00041,Oncology,105,3821,3,7,Northeast,0,High-Touch Advocates
PHY-00042,Cardiology,99,818,7,13,South,1,Low Engagement Profiles
PHY-00043,Oncology,107,535,2,19,Northeast,2,Digital-First Responders
PHY-00044,GP,90,1368,3,16,South,2,Digital-First Responders
PHY-00045,Cardiology,99,685,5,10,West,2,Digital-First Responders
PHY-00046,GP,79,1589,5,13,West,2,Digital-First Responders
PHY-00047,Cardiology,125,285,6,15,Midwest,2,Digital-First Responders
PHY-00048,Cardiology,122,152,8,26,South,1,Low Engagement Profiles
PHY-00049,Cardiology,108,1758,5,18,South,2,Digital-First Responders
PHY-00050,Oncology,135,3914,6,13,Northeast,0,High-Touch Advocates
PHY-00051,GP,93,1814,7,16,Midwest,1,Low Engagement Profiles
PHY-00052,GP,82,1997,0,13,South,2,Digital-First Responders
PHY-00053,GP,79,1413,3,15,Midwest,2,Digital-First Responders
PHY-00054,GP,112,1516,7,22,West,1,Low Engagement Profiles
PHY-00055,Cardiology,69,341,4,8,South,2,Digital-First Responders
PHY-00056,GP,62,708,7,16,South,1,Low Engagement Profiles
PHY-00057,Oncology,121,3060,7,17,Midwest,0,High-Touch Advocates
PHY-00058,Oncology,123,1032,10,12,South,1,Low Engagement Profiles
PHY-00059,Oncology,96,3019,3,9,Midwest,2,Digital-First Responders
PHY-00060,Cardiology,92,1485,4,13,South,2,Digital-First Responders
PHY-00061,Cardiology,79,1541,4,10,Northeast,2,Digital-First Responders
PHY-00062,Cardiology,85,1038,6,11,Midwest,2,Digital-First Responders
PHY-00063,GP,95,2206,9,13,South,1,Low Engagement Profiles
PHY-00064,Cardiology,130,2585,7,16,West,0,High-Touch Advocates
PHY-00065,Cardiology,85,675,5,17,South,2,Digital-First Responders
PHY-00066,Cardiology,112,376,6,14,West,2,Digital-First Responders
PHY-00067,Oncology,102,193,5,14,West,2,Digital-First Responders
PHY-00068,GP,66,1929,6,12,Northeast,2,Digital-First Responders
PHY-00069,Oncology,134,1776,6,17,Midwest,1,Low Engagement Profiles
PHY-00070,GP,118,5921,9,8,South,0,High-Touch Advocates
PHY-00071,GP,77,1419,4,15,Northeast,2,Digital-First Responders
PHY-00072,Oncology,126,1233,7,12,South,1,Low Engagement Profiles
PHY-00073,Oncology,97,1629,5,16,West,2,Digital-First Responders
PHY-00074,GP,90,1693,5,14,Midwest,2,Digital-First Responders
PHY-00075,GP,74,1160,7,13,South,1,Low Engagement Profiles
PHY-00076,GP,88,695,6,18,South,1,Low Engagement Profiles
PHY-00077,GP,77,1362,8,11,West,1,Low Engagement Profiles
PHY-00078,Oncology,117,1323,5,17,South,2,Digital-First Responders
PHY-00079,Cardiology,91,1307,6,13,South,2,Digital-First Responders
PHY-00080,Oncology,137,2368,6,17,West,0,High-Touch Advocates
PHY-00081,GP,112,1344,10,22,Northeast,1,Low Engagement Profiles
PHY-00082,GP,77,385,5,18,West,2,Digital-First Responders
PHY-00083,Cardiology,119,797,4,20,Northeast,2,Digital-First Responders
PHY-00084,Oncology,105,1149,3,17,Midwest,2,Digital-First Responders
PHY-00085,Cardiology,120,1392,6,20,Northeast,1,Low Engagement Profiles
PHY-00086,Cardiology,98,1958,3,15,Northeast,2,Digital-First Responders
PHY-00087,GP,94,1401,4,13,Midwest,2,Digital-First Responders
PHY-00088,GP,72,156,4,11,Northeast,2,Digital-First Responders
PHY-00089,GP,80,433,5,16,West,2,Digital-First Responders
PHY-00090,Cardiology,96,2053,7,11,Northeast,2,Digital-First Responders
PHY-00091,Oncology,121,1124,3,23,Midwest,2,Digital-First Responders
PHY-00092,GP,82,1492,5,17,West,2,Digital-First Responders
PHY-00093,GP,83,1014,5,14,Midwest,2,Digital-First Responders
PHY-00094,Cardiology,90,794,4,18,Midwest,2,Digital-First Responders
PHY-00095,GP,76,1044,7,16,South,1,Low Engagement Profiles
PHY-00096,Cardiology,89,1506,9,16,South,1,Low Engagement Profiles
PHY-00097,Cardiology,98,1336,8,13,Midwest,1,Low Engagement Profiles
PHY-00098,Cardiology,119,2574,7,11,Midwest,0,High-Touch Advocates
PHY-00099,Oncology,103,312,8,17,Midwest,1,Low Engagement Profiles
PHY-00100,Oncology,82,361,7,16,South,1,Low Engagement Profiles
PHY-00101,Oncology,128,1114,5,15,South,2,Digital-First Responders
PHY-00102,GP,108,1974,10,17,Northeast,1,Low Engagement Profiles
PHY-00103,Cardiology,133,2281,5,16,Northeast,2,Digital-First Responders
PHY-00104,Cardiology,111,822,4,10,Midwest,2,Digital-First Responders
PHY-00105,GP,80,48,5,13,West,2,Digital-First Responders
PHY-00106,Oncology,119,845,4,23,West,2,Digital-First Responders
PHY-00107,Cardiology,118,1780,10,20,South,1,Low Engagement Profiles
PHY-00108,GP,98,1317,5,13,South,2,Digital-First Responders
PHY-00109,Oncology,110,2025,3,12,South,2,Digital-First Responders
PHY-00110,Oncology,129,2990,5,22,Midwest,0,High-Touch Advocates
PHY-00111,Cardiology,79,1176,5,22,West,1,Low Engagement Profiles
PHY-00112,Oncology,117,925,10,15,Northeast,1,Low Engagement Profiles
PHY-00113,GP,75,612,4,16,Midwest,2,Digital-First Responders
PHY-00114,GP,103,359,8,15,Northeast,1,Low Engagement Profiles
PHY-00115,GP,113,264,10,23,Northeast,1,Low Engagement Profiles
PHY-00116,GP,95,754,8,18,Midwest,1,Low Engagement Profiles
PHY-00117,GP,148,2721,9,18,Northeast,1,Low Engagement Profiles
PHY-00118,Oncology,119,2163,5,18,West,2,Digital-First Responders
PHY-00119,GP,93,890,8,14,Northeast,1,Low Engagement Profiles
PHY-00120,Cardiology,119,5032,8,11,West,0,High-Touch Advocates
PHY-00121,GP,108,800,11,10,West,1,Low Engagement Profiles
PHY-00122,GP,97,3180,6,13,West,0,High-Touch Advocates
PHY-00123,Cardiology,153,3683,7,23,South,0,High-Touch Advocates
PHY-00124,Oncology,114,1867,10,9,Northeast,1,Low Engagement Profiles
PHY-00125,Oncology,93,748,6,19,Midwest,1,Low Engagement Profiles
PHY-00126,Cardiology,92,990,8,9,Midwest,1,Low Engagement Profiles
PHY-00127,GP,98,1533,1,13,Northeast,2,Digital-First Responders
PHY-00128,GP,101,369,8,15,South,1,Low Engagement Profiles
PHY-00129,Oncology,104,560,4,21,South,2,Digital-First Responders
PHY-00130,Cardiology,84,518,8,6,West,2,Digital-First Responders
PHY-00131,Cardiology,123,1967,9,15,Northeast,1,Low Engagement Profiles
PHY-00132,Oncology,114,2971,3,12,Northeast,2,Digital-First Responders
PHY-00133,Oncology,112,2222,0,13,Midwest,2,Digital-First Responders
PHY-00134,Cardiology,102,2649,5,16,Northeast,0,High-Touch Advocates
PHY-00135,GP,79,694,6,14,South,2,Digital-First Responders
PHY-00136,Cardiology,91,1027,3,16,Northeast,2,Digital-First Responders
PHY-00137,Cardiology,100,1090,3,19,Midwest,2,Digital-First Responders
PHY-00138,GP,85,1861,4,13,West,2,Digital-First Responders
PHY-00139,Cardiology,94,773,5,13,Midwest,2,Digital-First Responders
PHY-00140,GP,135,2539,9,19,Midwest,1,Low Engagement Profiles
PHY-00141,GP,72,3616,2,20,West,0,High-Touch Advocates
PHY-00142,Cardiology,115,1929,5,13,Midwest,2,Digital-First Responders
PHY-00143,Cardiology,78,990,3,15,Midwest,2,Digital-First Responders
PHY-00144,Cardiology,85,640,7,17,Northeast,1,Low Engagement Profiles
PHY-00145,Cardiology,59,519,3,11,Northeast,2,Digital-First Responders
PHY-00146,Oncology,72,159,5,14,West,2,Digital-First Responders
PHY-00147,GP,91,1117,4,15,Northeast,2,Digital-First Responders
PHY-00148,Cardiology,85,1067,6,14,Northeast,2,Digital-First Responders
PHY-00149,Oncology,119,2434,8,11,Midwest,0,High-Touch Advocates
PHY-00150,Cardiology,100,817,5,17,South,2,Digital-First Responders
PHY-00151,GP,88,1168,7,14,Northeast,1,Low Engagement Profiles
PHY-00152,Oncology,110,1646,4,12,South,2,Digital-First Responders
PHY-00153,Oncology,142,1907,5,17,Northeast,2,Digital-First Responders
PHY-00154,Cardiology,104,2245,6,10,Northeast,2,Digital-First Responders
PHY-00155,GP,141,1529,8,21,West,1,Low Engagement Profiles
PHY-00156,Oncology,106,392,5,23,West,1,Low Engagement Profiles
PHY-00157,GP,119,1790,5,18,West,2,Digital-First Responders
PHY-00158,GP,102,767,7,17,South,1,Low Engagement Profiles
PHY-00159,Oncology,123,3064,5,13,Midwest,0,High-Touch Advocates
PHY-00160,GP,68,1355,4,20,Northeast,2,Digital-First Responders
PHY-00161,Cardiology,74,1597,4,16,Northeast,2,Digital-First Responders
PHY-00162,GP,117,6229,3,14,Northeast,0,High-Touch Advocates
PHY-00163,GP,97,2272,6,13,South,2,Digital-First Responders
PHY-00164,Cardiology,102,1767,8,11,West,1,Low Engagement Profiles
PHY-00165,Oncology,124,1195,7,17,Midwest,1,Low Engagement Profiles
PHY-00166,GP,76,426,8,13,South,1,Low Engagement Profiles
PHY-00167,Cardiology,115,1128,10,18,West,1,Low Engagement Profiles
PHY-00168,Oncology,125,633,7,15,South,1,Low Engagement Profiles
PHY-00169,Oncology,127,3908,8,11,Midwest,0,High-Touch Advocates
PHY-00170,Cardiology,101,1783,10,16,West,1,Low Engagement Profiles
PHY-00171,GP,96,2990,4,16,South,0,High-Touch Advocates
PHY-00172,Oncology,90,797,0,17,Midwest,2,Digital-First Responders
PHY-00173,Cardiology,83,675,6,17,Northeast,1,Low Engagement Profiles
PHY-00174,Oncology,124,2121,8,10,Midwest,1,Low Engagement Profiles
PHY-00175,GP,73,610,8,16,Northeast,1,Low Engagement Profiles
PHY-00176,Oncology,119,930,6,12,South,2,Digital-First Responders
PHY-00177,GP,122,4030,5,13,West,0,High-Touch Advocates
PHY-00178,Cardiology,118,961,10,23,West,1,Low Engagement Profiles
PHY-00179,GP,48,339,6,14,South,2,Digital-First Responders
PHY-00180,Oncology,123,216,11,21,West,1,Low Engagement Profiles
PHY-00181,Cardiology,103,296,6,12,West,2,Digital-First Responders
PHY-00182,Oncology,155,3108,9,14,Northeast,0,High-Touch Advocates
PHY-00183,GP,115,840,5,17,South,2,Digital-First Responders
PHY-00184,GP,144,6104,7,12,Midwest,0,High-Touch Advocates
PHY-00185,Cardiology,129,3644,3,17,Northeast,0,High-Touch Advocates
PHY-00186,GP,108,4663,5,14,South,0,High-Touch Advocates
PHY-00187,GP,87,2695,3,14,Northeast,2,Digital-First Responders
PHY-00188,Cardiology,132,2043,3,21,Midwest,2,Digital-First Responders
PHY-00189,Cardiology,99,654,4,14,Midwest,2,Digital-First Responders
PHY-00190,Oncology,128,1329,5,23,South,1,Low Engagement Profiles
PHY-00191,Oncology,123,2189,9,14,Midwest,1,Low Engagement Profiles
PHY-00192,GP,80,2583,5,16,Northeast,0,High-Touch Advocates
PHY-00193,GP,85,467,9,16,Midwest,1,Low Engagement Profiles
PHY-00194,GP,68,1143,4,15,Northeast,2,Digital-First Responders
PHY-00195,Cardiology,124,1249,11,20,Northeast,1,Low Engagement Profiles
PHY-00196,Cardiology,78,1211,6,12,Midwest,2,Digital-First Responders
PHY-00197,GP,71,530,4,20,South,2,Digital-First Responders
PHY-00198,GP,134,4311,5,14,West,0,High-Touch Advocates
PHY-00199,GP,74,1112,4,18,Midwest,2,Digital-First Responders
PHY-00200,GP,50,567,4,13,Northeast,2,Digital-First Responders
PHY-00201,GP,154,4380,11,20,Northeast,0,High-Touch Advocates
PHY-00202,Oncology,135,3646,7,21,Midwest,0,High-Touch Advocates
PHY-00203,Oncology,136,1484,9,24,South,1,Low Engagement Profiles
PHY-00204,GP,95,907,7,13,South,1,Low Engagement Profiles
PHY-00205,GP,58,271,4,12,Northeast,2,Digital-First Responders
PHY-00206,Oncology,92,1937,4,13,Northeast,2,Digital-First Responders
PHY-00207,Oncology,107,855,8,14,South,1,Low Engagement Profiles
PHY-00208,GP,111,1305,3,21,West,2,Digital-First Responders
PHY-00209,Oncology,179,4129,11,12,Midwest,0,High-Touch Advocates
PHY-00210,Oncology,94,803,5,9,Northeast,2,Digital-First Responders
PHY-00211,Cardiology,117,1878,6,9,Northeast,2,Digital-First Responders
PHY-00212,GP,97,2291,7,13,South,0,High-Touch Advocates
PHY-00213,GP,104,3044,5,16,Midwest,0,High-Touch Advocates
PHY-00214,Oncology,117,1232,9,18,South,1,Low Engagement Profiles
PHY-00215,GP,77,1133,4,13,Midwest,2,Digital-First Responders
PHY-00216,Oncology,91,1112,2,17,Midwest,2,Digital-First Responders
PHY-00217,Cardiology,97,1749,5,13,Midwest,2,Digital-First Responders
PHY-00218,GP,131,3545,12,18,Northeast,0,High-Touch Advocates
PHY-00219,GP,83,1072,6,10,West,2,Digital-First Responders
PHY-00220,GP,57,69,4,11,South,2,Digital-First Responders
PHY-00221,GP,96,2470,5,11,West,2,Digital-First Responders
PHY-00222,Cardiology,101,1403,6,9,South,2,Digital-First Responders
PHY-00223,Oncology,113,1940,6,10,Midwest,2,Digital-First Responders
PHY-00224,Cardiology,89,283,8,8,Northeast,1,Low Engagement Profiles
PHY-00225,Cardiology,114,858,8,15,West,1,Low Engagement Profiles
PHY-00226,Oncology,157,2333,7,18,Northeast,1,Low Engagement Profiles
PHY-00227,GP,66,412,8,14,South,1,Low Engagement Profiles
PHY-00228,Cardiology,91,1875,1,23,Northeast,2,Digital-First Responders
PHY-00229,GP,100,1296,10,16,Northeast,1,Low Engagement Profiles
PHY-00230,GP,76,709,5,13,West,2,Digital-First Responders
PHY-00231,GP,95,659,10,18,Midwest,1,Low Engagement Profiles
PHY-00232,Cardiology,93,535,2,16,Northeast,2,Digital-First Responders
PHY-00233,Cardiology,81,1398,5,11,Midwest,2,Digital-First Responders
PHY-00234,Cardiology,117,1523,9,14,South,1,Low Engagement Profiles
PHY-00235,Oncology,105,989,3,11,Northeast,2,Digital-First Responders
PHY-00236,GP,107,504,5,20,West,1,Low Engagement Profiles
PHY-00237,Cardiology,98,1836,3,10,South,2,Digital-First Responders
PHY-00238,Oncology,127,2501,5,20,South,0,High-Touch Advocates
PHY-00239,GP,102,2080,5,16,West,2,Digital-First Responders
PHY-00240,Oncology,134,4787,6,10,Northeast,0,High-Touch Advocates
PHY-00241,GP,83,1153,8,16,Northeast,1,Low Engagement Profiles
PHY-00242,GP,86,3317,3,14,South,0,High-Touch Advocates
PHY-00243,GP,92,771,9,13,Northeast,1,Low Engagement Profiles
PHY-00244,Cardiology,127,666,8,18,Midwest,1,Low Engagement Profiles
PHY-00245,Oncology,113,1464,6,12,West,2,Digital-First Responders
PHY-00246,GP,105,3813,5,14,Midwest,0,High-Touch Advocates
PHY-00247,Cardiology,96,1054,7,14,Northeast,1,Low Engagement Profiles
PHY-00248,GP,90,282,8,15,South,1,Low Engagement Profiles
PHY-00249,GP,97,2469,5,11,West,2,Digital-First Responders
PHY-00250,GP,75,1254,4,18,Northeast,2,Digital-First Responders
PHY-00251,Cardiology,151,1666,8,17,Northeast,1,Low Engagement Profiles
PHY-00252,Cardiology,83,697,2,15,South,2,Digital-First Responders
PHY-00253,GP,64,1453,7,14,South,1,Low Engagement Profiles
PHY-00254,Cardiology,101,331,8,11,Midwest,1,Low Engagement Profiles
PHY-00255,Oncology,164,4354,9,16,West,0,High-Touch Advocates
PHY-00256,Cardiology,109,2788,7,12,West,0,High-Touch Advocates
PHY-00257,GP,82,1404,6,17,South,1,Low Engagement Profiles
PHY-00258,GP,124,2422,5,15,Midwest,0,High-Touch Advocates
PHY-00259,Cardiology,74,773,6,14,West,2,Digital-First Responders
PHY-00260,Oncology,131,2705,6,14,South,0,High-Touch Advocates
PHY-00261,GP,109,1016,8,16,Northeast,1,Low Engagement Profiles
PHY-00262,GP,113,958,5,16,West,2,Digital-First Responders
PHY-00263,Oncology,88,570,6,14,Midwest,2,Digital-First Responders
PHY-00264,Cardiology,121,1820,2,14,Midwest,2,Digital-First Responders
PHY-00265,GP,84,1358,3,9,Midwest,2,Digital-First Responders
PHY-00266,GP,125,3388,6,13,Northeast,0,High-Touch Advocates
PHY-00267,GP,98,509,7,13,West,1,Low Engagement Profiles
PHY-00268,GP,98,1826,6,15,West,2,Digital-First Responders
PHY-00269,Cardiology,132,2974,9,15,Northeast,0,High-Touch Advocates
PHY-00270,Cardiology,99,1544,5,13,West,2,Digital-First Responders
PHY-00271,GP,110,1000,6,17,Northeast,1,Low Engagement Profiles
PHY-00272,GP,110,1514,6,15,Northeast,2,Digital-First Responders
PHY-00273,GP,121,3209,8,15,Northeast,0,High-Touch Advocates
PHY-00274,GP,104,3208,6,15,Midwest,0,High-Touch Advocates
PHY-00275,Cardiology,128,1215,8,19,West,1,Low Engagement Profiles
PHY-00276,Cardiology,94,3171,3,15,Northeast,0,High-Touch Advocates
PHY-00277,GP,66,1309,5,14,West,2,Digital-First Responders
PHY-00278,GP,93,2403,6,14,Midwest,0,High-Touch Advocates
PHY-00279,GP,84,1981,5,20,Northeast,1,Low Engagement Profiles
PHY-00280,GP,115,968,12,16,South,1,Low Engagement Profiles
PHY-00281,GP,124,589,10,9,Midwest,1,Low Engagement Profiles
PHY-00282,Cardiology,123,3026,6,13,South,0,High-Touch Advocates
PHY-00283,Cardiology,130,3602,4,20,West,0,High-Touch Advocates
PHY-00284,Oncology,112,1795,7,8,West,2,Digital-First Responders
PHY-00285,Cardiology,103,1308,5,13,Midwest,2,Digital-First Responders
PHY-00286,Oncology,126,448,9,17,West,1,Low Engagement Profiles
PHY-00287,Cardiology,120,2974,5,20,South,0,High-Touch Advocates
PHY-00288,Cardiology,103,1647,8,14,Northeast,1,Low Engagement Profiles
PHY-00289,Cardiology,99,1083,4,11,Northeast,2,Digital-First Responders
PHY-00290,Cardiology,127,2450,7,18,Northeast,0,High-Touch Advocates
PHY-00291,Oncology,143,370,11,19,Midwest,1,Low Engagement Profiles
PHY-00292,Oncology,88,544,3,14,West,2,Digital-First Responders
PHY-00293,GP,87,748,6,16,South,1,Low Engagement Profiles
PHY-00294,Cardiology,123,1937,6,14,West,2,Digital-First Responders
PHY-00295,Oncology,107,1527,4,14,West,2,Digital-First Responders
PHY-00296,Cardiology,118,2102,7,12,West,1,Low Engagement Profiles
PHY-00297,GP,120,2839,8,19,Northeast,0,High-Touch Advocates
PHY-00298,Oncology,135,2155,9,15,South,1,Low Engagement Profiles
PHY-00299,GP,107,4415,7,14,South,0,High-Touch Advocates
PHY-00300,Oncology,135,2834,6,20,West,0,High-Touch Advocates
PHY-00301,Oncology,115,1212,7,13,Northeast,1,Low Engagement Profiles
PHY-00302,Cardiology,101,853,6,10,Northeast,2,Digital-First Responders
PHY-00303,Cardiology,100,1241,5,13,South,2,Digital-First Responders
PHY-00304,GP,84,2208,6,16,Northeast,0,High-Touch Advocates
PHY-00305,GP,73,932,7,14,Northeast,1,Low Engagement Profiles
PHY-00306,GP,105,2251,4,16,Northeast,2,Digital-First Responders
PHY-00307,Cardiology,122,2075,1,10,Midwest,2,Digital-First Responders
PHY-00308,Cardiology,63,581,6,8,West,2,Digital-First Responders
PHY-00309,GP,118,2798,10,18,South,1,Low Engagement Profiles
PHY-00310,Cardiology,121,1749,8,19,South,1,Low Engagement Profiles
PHY-00311,Cardiology,122,4275,4,10,Midwest,0,High-Touch Advocates
PHY-00312,Oncology,94,1313,3,15,West,2,Digital-First Responders
PHY-00313,Oncology,117,1044,1,17,South,2,Digital-First Responders
PHY-00314,GP,67,514,5,10,Northeast,2,Digital-First Responders
PHY-00315,GP,83,506,6,15,South,2,Digital-First Responders
PHY-00316,GP,93,2575,5,14,Northeast,0,High-Touch Advocates
PHY-00317,Cardiology,146,3995,8,23,Midwest,0,High-Touch Advocates
PHY-00318,Oncology,121,1228,5,24,Northeast,1,Low Engagement Profiles
PHY-00319,Oncology,103,1166,5,17,South,2,Digital-First Responders
PHY-00320,Cardiology,95,1406,5,16,South,2,Digital-First Responders
PHY-00321,Cardiology,153,2929,6,19,South,0,High-Touch Advocates
PHY-00322,GP,98,586,6,20,Midwest,1,Low Engagement Profiles
PHY-00323,GP,78,1594,9,12,Midwest,1,Low Engagement Profiles
PHY-00324,Cardiology,115,2615,8,14,West,0,High-Touch Advocates
PHY-00325,GP,105,1920,6,12,South,2,Digital-First Responders
PHY-00326,GP,59,36,3,15,Northeast,2,Digital-First Responders
PHY-00327,Cardiology,134,2163,7,18,Midwest,1,Low Engagement Profiles
PHY-00328,GP,94,1934,5,14,South,2,Digital-First Responders
PHY-00329,Cardiology,109,3314,6,12,South,0,High-Touch Advocates
PHY-00330,Oncology,146,3787,7,10,Midwest,0,High-Touch Advocates
PHY-00331,Cardiology,99,3204,3,19,West,0,High-Touch Advocates
PHY-00332,GP,119,1412,11,12,Midwest,1,Low Engagement Profiles
PHY-00333,Oncology,108,268,1,18,Midwest,2,Digital-First Responders
PHY-00334,Oncology,106,1159,7,17,Northeast,1,Low Engagement Profiles
PHY-00335,Oncology,114,1378,3,17,Northeast,2,Digital-First Responders
PHY-00336,Oncology,131,3961,7,21,West,0,High-Touch Advocates
PHY-00337,GP,97,704,9,19,South,1,Low Engagement Profiles
PHY-00338,GP,73,381,2,10,Midwest,2,Digital-First Responders
PHY-00339,Cardiology,96,937,6,17,West,1,Low Engagement Profiles
PHY-00340,Oncology,103,738,5,19,Northeast,2,Digital-First Responders
PHY-00341,Cardiology,93,344,3,19,Midwest,2,Digital-First Responders
PHY-00342,Cardiology,110,1249,6,11,South,2,Digital-First Responders
PHY-00343,Oncology,125,1420,4,14,Northeast,2,Digital-First Responders
PHY-00344,Cardiology,76,323,6,12,Northeast,2,Digital-First Responders
PHY-00345,Cardiology,113,1038,7,26,Northeast,1,Low Engagement Profiles
PHY-00346,GP,75,697,7,19,West,1,Low Engagement Profiles
PHY-00347,GP,76,1455,3,10,South,2,Digital-First Responders
PHY-00348,Oncology,92,1565,6,12,Midwest,2,Digital-First Responders
PHY-00349,Cardiology,92,697,5,6,West,2,Digital-First Responders
PHY-00350,GP,94,2781,8,8,West,0,High-Touch Advocates
PHY-00351,Cardiology,122,1355,11,15,West,1,Low Engagement Profiles
PHY-00352,GP,68,727,5,14,Northeast,2,Digital-First Responders
PHY-00353,GP,77,301,2,21,South,2,Digital-First Responders
PHY-00354,Oncology,124,1628,7,20,West,1,Low Engagement Profiles
PHY-00355,Oncology,114,1930,8,14,Midwest,1,Low Engagement Profiles
PHY-00356,GP,70,894,5,16,South,2,Digital-First Responders
PHY-00357,Oncology,130,1490,9,19,Midwest,1,Low Engagement Profiles
PHY-00358,Cardiology,148,3787,8,18,South,0,High-Touch Advocates
PHY-00359,GP,97,2490,6,9,Midwest,2,Digital-First Responders
PHY-00360,Cardiology,110,117,7,14,Northeast,1,Low Engagement Profiles
PHY-00361,Cardiology,85,719,7,19,West,1,Low Engagement Profiles
PHY-00362,GP,73,1202,5,16,Midwest,2,Digital-First Responders
PHY-00363,Cardiology,96,1414,4,11,South,2,Digital-First Responders
PHY-00364,Cardiology,104,1515,6,13,West,2,Digital-First Responders
PHY-00365,GP,100,1843,7,19,West,1,Low Engagement Profiles
PHY-00366,Cardiology,92,1234,4,10,South,2,Digital-First Responders
PHY-00367,GP,95,1352,6,21,Midwest,1,Low Engagement Profiles
PHY-00368,GP,99,2579,5,11,Northeast,2,Digital-First Responders
PHY-00369,Oncology,120,1652,7,16,Northeast,1,Low Engagement Profiles
PHY-00370,Oncology,92,466,8,11,Midwest,1,Low Engagement Profiles
PHY-00371,Oncology,111,1448,3,12,West,2,Digital-First Responders
PHY-00372,Oncology,133,1204,6,15,West,2,Digital-First Responders
PHY-00373,Oncology,95,181,10,18,West,1,Low Engagement Profiles
PHY-00374,GP,77,1505,5,17,West,2,Digital-First Responders
PHY-00375,Oncology,100,528,5,16,Midwest,2,Digital-First Responders
PHY-00376,Cardiology,133,2606,7,22,West,0,High-Touch Advocates
PHY-00377,GP,105,1824,6,13,South,2,Digital-First Responders
PHY-00378,Oncology,111,441,8,9,West,1,Low Engagement Profiles
PHY-00379,GP,75,2525,3,15,Northeast,2,Digital-First Responders
PHY-00380,Cardiology,133,3350,5,13,West,0,High-Touch Advocates
PHY-00381,Oncology,127,1091,9,16,Midwest,1,Low Engagement Profiles
PHY-00382,GP,109,1199,6,14,Northeast,2,Digital-First Responders
PHY-00383,GP,102,2358,11,14,Midwest,1,Low Engagement Profiles
PHY-00384,GP,125,3185,5,17,Midwest,0,High-Touch Advocates
PHY-00385,GP,73,247,7,13,Northeast,1,Low Engagement Profiles
PHY-00386,GP,85,494,5,20,Midwest,1,Low Engagement Profiles
PHY-00387,Cardiology,88,952,4,16,Midwest,2,Digital-First Responders
PHY-00388,Oncology,90,1039,1,14,West,2,Digital-First Responders
PHY-00389,GP,112,2311,10,18,South,1,Low Engagement Profiles
PHY-00390,GP,117,3196,7,9,Midwest,0,High-Touch Advocates
PHY-00391,GP,106,3356,2,11,Midwest,0,High-Touch Advocates
PHY-00392,Cardiology,97,240,6,15,Midwest,2,Digital-First Responders
PHY-00393,Cardiology,84,662,6,17,West,1,Low Engagement Profiles
PHY-00394,GP,71,810,7,17,South,1,Low Engagement Profiles
PHY-00395,Cardiology,83,659,4,12,Northeast,2,Digital-First Responders
PHY-00396,GP,121,1821,6,14,West,2,Digital-First Responders
PHY-00397,GP,71,1980,4,10,West,2,Digital-First Responders
PHY-00398,Cardiology,99,1339,5,6,South,2,Digital-First Responders
PHY-00399,GP,77,1244,5,9,South,2,Digital-First Responders
PHY-00400,GP,93,986,8,11,West,1,Low Engagement Profiles
PHY-00401,Oncology,83,1083,4,15,Northeast,2,Digital-First Responders
PHY-00402,GP,102,3759,5,15,West,0,High-Touch Advocates
PHY-00403,Cardiology,88,2190,8,9,South,1,Low Engagement Profiles
PHY-00404,GP,63,1017,6,12,Northeast,2,Digital-First Responders
PHY-00405,Cardiology,102,1225,5,17,South,2,Digital-First Responders
PHY-00406,GP,100,1851,5,7,Northeast,2,Digital-First Responders
PHY-00407,Cardiology,84,441,9,9,Midwest,1,Low Engagement Profiles
PHY-00408,Oncology,126,1486,8,13,South,1,Low Engagement Profiles
PHY-00409,GP,99,2106,8,15,South,1,Low Engagement Profiles
PHY-00410,Oncology,115,1920,4,17,West,2,Digital-First Responders
PHY-00411,Cardiology,109,673,9,16,South,1,Low Engagement Profiles
PHY-00412,GP,67,789,4,18,South,2,Digital-First Responders
PHY-00413,GP,92,155,7,16,Midwest,1,Low Engagement Profiles
PHY-00414,Cardiology,73,2264,4,11,South,2,Digital-First Responders
PHY-00415,GP,130,4827,4,20,Midwest,0,High-Touch Advocates
PHY-00416,Cardiology,101,591,10,15,Midwest,1,Low Engagement Profiles
PHY-00417,Cardiology,97,2824,8,14,Midwest,0,High-Touch Advocates
PHY-00418,Cardiology,118,4550,6,13,Midwest,0,High-Touch Advocates
PHY-00419,GP,80,908,6,7,Northeast,2,Digital-First Responders
PHY-00420,GP,97,1226,5,23,West,1,Low Engagement Profiles
PHY-00421,GP,58,1612,5,10,Northeast,2,Digital-First Responders
PHY-00422,GP,94,1877,4,15,South,2,Digital-First Responders
PHY-00423,Oncology,106,1677,7,11,Northeast,2,Digital-First Responders
PHY-00424,Cardiology,82,968,3,13,Northeast,2,Digital-First Responders
PHY-00425,Oncology,126,2083,7,17,South,1,Low Engagement Profiles
PHY-00426,Cardiology,103,986,7,12,South,1,Low Engagement Profiles
PHY-00427,Cardiology,130,1761,8,22,South,1,Low Engagement Profiles
PHY-00428,GP,78,1303,11,6,Northeast,1,Low Engagement Profiles
PHY-00429,Cardiology,93,212,6,22,Northeast,1,Low Engagement Profiles
PHY-00430,Oncology,98,3107,3,9,South,2,Digital-First Responders
PHY-00431,Oncology,117,807,8,18,West,1,Low Engagement Profiles
PHY-00432,GP,100,3316,3,11,West,0,High-Touch Advocates
PHY-00433,GP,108,2748,10,16,Midwest,1,Low Engagement Profiles
PHY-00434,Oncology,136,1577,6,19,South,1,Low Engagement Profiles
PHY-00435,Oncology,139,1947,7,27,Midwest,1,Low Engagement Profiles
PHY-00436,GP,96,2116,3,18,West,2,Digital-First Responders
PHY-00437,Oncology,86,1139,4,10,Midwest,2,Digital-First Responders
PHY-00438,GP,94,1183,6,13,South,2,Digital-First Responders
PHY-00439,GP,103,2045,6,10,South,2,Digital-First Responders
PHY-00440,Oncology,111,1314,6,14,South,2,Digital-First Responders
PHY-00441,Oncology,99,970,6,16,Northeast,1,Low Engagement Profiles
PHY-00442,GP,95,683,7,22,Midwest,1,Low Engagement Profiles
PHY-00443,Cardiology,121,1799,7,14,West,1,Low Engagement Profiles
PHY-00444,Cardiology,95,785,3,20,West,2,Digital-First Responders
PHY-00445,GP,76,2437,3,11,West,2,Digital-First Responders
PHY-00446,GP,92,2579,3,9,Northeast,2,Digital-First Responders
PHY-00447,GP,76,1936,7,12,Northeast,1,Low Engagement Profiles
PHY-00448,GP,106,2231,6,14,South,2,Digital-First Responders
PHY-00449,Cardiology,98,1940,4,7,West,2,Digital-First Responders
PHY-00450,Oncology,162,2342,6,15,Northeast,0,High-Touch Advocates
PHY-00451,GP,105,2273,9,12,South,1,Low Engagement Profiles
PHY-00452,Cardiology,88,1730,5,21,West,1,Low Engagement Profiles
PHY-00453,Cardiology,106,2772,3,10,Midwest,2,Digital-First Responders
PHY-00454,GP,103,1171,11,14,South,1,Low Engagement Profiles
PHY-00455,Oncology,106,702,6,18,Northeast,1,Low Engagement Profiles
PHY-00456,Cardiology,119,670,6,15,Northeast,2,Digital-First Responders
PHY-00457,Oncology,123,1039,8,16,South,1,Low Engagement Profiles
PHY-00458,Cardiology,71,177,3,12,South,2,Digital-First Responders
PHY-00459,Oncology,137,1565,7,20,Northeast,1,Low Engagement Profiles
PHY-00460,Oncology,129,2136,6,12,Midwest,2,Digital-First Responders
PHY-00461,Oncology,133,2554,5,16,West,0,High-Touch Advocates
PHY-00462,GP,78,266,5,10,Midwest,2,Digital-First Responders
PHY-00463,GP,95,690,8,11,South,1,Low Engagement Profiles
PHY-00464,Cardiology,122,2386,7,14,Midwest,0,High-Touch Advocates
PHY-00465,GP,89,1143,8,15,Northeast,1,Low Engagement Profiles
PHY-00466,Cardiology,100,2103,3,10,South,2,Digital-First Responders
PHY-00467,Cardiology,112,419,7,19,West,1,Low Engagement Profiles
PHY-00468,GP,120,3290,8,12,Northeast,0,High-Touch Advocates
PHY-00469,Oncology,103,386,4,10,Northeast,2,Digital-First Responders
PHY-00470,GP,103,1532,4,17,West,2,Digital-First Responders
PHY-00471,Oncology,128,1561,8,24,West,1,Low Engagement Profiles
PHY-00472,GP,96,887,4,20,Midwest,2,Digital-First Responders
PHY-00473,Oncology,112,1888,6,11,South,2,Digital-First Responders
PHY-00474,GP,77,1926,2,14,West,2,Digital-First Responders
PHY-00475,Cardiology,84,1781,4,9,West,2,Digital-First Responders
PHY-00476,GP,64,873,4,18,South,2,Digital-First Responders
PHY-00477,Oncology,110,736,6,13,West,2,Digital-First Responders
PHY-00478,Cardiology,103,953,8,16,West,1,Low Engagement Profiles
PHY-00479,GP,111,651,6,20,Midwest,1,Low Engagement Profiles
PHY-00480,Cardiology,120,2858,7,21,Northeast,0,High-Touch Advocates
PHY-00481,GP,114,1022,9,12,Northeast,1,Low Engagement Profiles
PHY-00482,GP,87,1500,10,9,Northeast,1,Low Engagement Profiles
PHY-00483,Cardiology,110,2379,6,16,Northeast,0,High-Touch Advocates
PHY-00484,GP,92,623,8,11,West,1,Low Engagement Profiles
PHY-00485,Cardiology,94,370,8,23,South,1,Low Engagement Profiles
PHY-00486,GP,57,653,8,13,South,1,Low Engagement Profiles
PHY-00487,Oncology,127,1623,6,13,Midwest,2,Digital-First Responders
PHY-00488,Cardiology,104,1543,6,8,Midwest,2,Digital-First Responders
PHY-00489,GP,104,1778,4,18,West,2,Digital-First Responders
PHY-00490,GP,118,1229,10,22,South,1,Low Engagement Profiles
PHY-00491,Cardiology,75,67,3,20,South,2,Digital-First Responders
PHY-00492,GP,87,1199,4,13,Northeast,2,Digital-First Responders
PHY-00493,Cardiology,153,2599,8,20,West,1,Low Engagement Profiles
PHY-00494,Oncology,133,3060,7,16,West,0,High-Touch Advocates
PHY-00495,Cardiology,111,1427,4,19,Northeast,2,Digital-First Responders
PHY-00496,Cardiology,106,1547,5,8,West,2,Digital-First Responders
PHY-00497,Cardiology,95,2075,4,16,West,2,Digital-First Responders
PHY-00498,Oncology,130,3003,4,16,Midwest,0,High-Touch Advocates
PHY-00499,GP,61,1333,7,13,South,1,Low Engagement Profiles
PHY-00500,GP,76,2055,5,13,West,2,Digital-First Responders
PHY-00501,GP,88,841,5,15,Midwest,2,Digital-First Responders
PHY-00502,Cardiology,99,428,6,15,South,2,Digital-First Responders
PHY-00503,Cardiology,105,917,6,20,Northeast,1,Low Engagement Profiles
PHY-00504,GP,84,3466,5,11,Midwest,0,High-Touch Advocates
PHY-00505,GP,88,2084,3,13,Midwest,2,Digital-First Responders
PHY-00506,Oncology,91,469,6,14,South,2,Digital-First Responders
PHY-00507,GP,85,2152,5,9,Northeast,2,Digital-First Responders
PHY-00508,GP,47,504,5,10,Midwest,2,Digital-First Responders
PHY-00509,GP,109,1761,8,13,West,1,Low Engagement Profiles
PHY-00510,GP,112,601,5,18,West,2,Digital-First Responders
PHY-00511,GP,73,443,9,15,West,1,Low Engagement Profiles
PHY-00512,Cardiology,146,3851,9,14,Northeast,0,High-Touch Advocates
PHY-00513,GP,93,1021,3,19,Midwest,2,Digital-First Responders
PHY-00514,GP,99,2058,5,14,West,2,Digital-First Responders
PHY-00515,Oncology,107,1376,7,13,Northeast,1,Low Engagement Profiles
PHY-00516,Oncology,101,543,4,14,West,2,Digital-First Responders
PHY-00517,Cardiology,112,1110,4,24,South,1,Low Engagement Profiles
PHY-00518,GP,71,547,5,20,Midwest,1,Low Engagement Profiles
PHY-00519,GP,155,5699,8,15,Midwest,0,High-Touch Advocates
PHY-00520,Oncology,117,2318,4,18,Northeast,2,Digital-First Responders
PHY-00521,Cardiology,103,1356,6,16,Northeast,1,Low Engagement Profiles
PHY-00522,Cardiology,98,1981,6,11,Midwest,2,Digital-First Responders
PHY-00523,GP,79,2217,3,12,West,2,Digital-First Responders
PHY-00524,GP,87,2221,3,16,West,2,Digital-First Responders
PHY-00525,GP,94,2155,6,16,South,1,Low Engagement Profiles
PHY-00526,Cardiology,131,2042,7,12,West,1,Low Engagement Profiles
PHY-00527,Cardiology,100,1441,6,20,Northeast,1,Low Engagement Profiles
PHY-00528,Cardiology,102,3658,7,11,Northeast,0,High-Touch Advocates
PHY-00529,Oncology,113,1510,5,20,West,1,Low Engagement Profiles
PHY-00530,GP,84,1386,6,17,Northeast,1,Low Engagement Profiles
PHY-00531,GP,104,1520,7,19,Midwest,1,Low Engagement Profiles
PHY-00532,GP,91,1601,4,12,Midwest,2,Digital-First Responders
PHY-00533,GP,58,269,5,11,West,2,Digital-First Responders
PHY-00534,Cardiology,133,647,8,18,Midwest,1,Low Engagement Profiles
PHY-00535,GP,83,1229,6,8,Midwest,2,Digital-First Responders
PHY-00536,GP,87,254,9,18,South,1,Low Engagement Profiles
PHY-00537,GP,87,1355,2,14,South,2,Digital-First Responders
PHY-00538,Oncology,148,1586,8,22,Midwest,1,Low Engagement Profiles
PHY-00539,Cardiology,124,409,5,15,West,2,Digital-First Responders
PHY-00540,Oncology,107,792,9,12,South,1,Low Engagement Profiles
PHY-00541,GP,113,3143,9,9,Northeast,0,High-Touch Advocates
PHY-00542,GP,81,1996,4,13,Northeast,2,Digital-First Responders
PHY-00543,Oncology,123,1916,2,16,Northeast,2,Digital-First Responders
PHY-00544,GP,116,2891,6,20,West,0,High-Touch Advocates
PHY-00545,GP,90,658,6,11,Midwest,2,Digital-First Responders
PHY-00546,Cardiology,90,410,7,17,Northeast,1,Low Engagement Profiles
PHY-00547,Oncology,103,2635,8,12,West,0,High-Touch Advocates
PHY-00548,GP,91,1256,5,15,South,2,Digital-First Responders
PHY-00549,Cardiology,88,643,8,17,Midwest,1,Low Engagement Profiles
PHY-00550,GP,88,266,10,12,South,1,Low Engagement Profiles
PHY-00551,Cardiology,77,1533,5,8,West,2,Digital-First Responders
PHY-00552,GP,68,1146,3,10,Northeast,2,Digital-First Responders
PHY-00553,Cardiology,99,997,5,16,Northeast,2,Digital-First Responders
PHY-00554,Cardiology,68,105,3,12,West,2,Digital-First Responders
PHY-00555,GP,123,3626,8,16,Northeast,0,High-Touch Advocates
PHY-00556,Cardiology,129,337,9,18,Midwest,1,Low Engagement Profiles
PHY-00557,Oncology,96,1076,7,13,West,1,Low Engagement Profiles
PHY-00558,Oncology,110,937,7,20,South,1,Low Engagement Profiles
PHY-00559,GP,114,2038,6,17,West,1,Low Engagement Profiles
PHY-00560,GP,100,270,9,16,Midwest,1,Low Engagement Profiles
PHY-00561,GP,71,1869,5,9,Midwest,2,Digital-First Responders
PHY-00562,Oncology,123,1539,5,21,West,1,Low Engagement Profiles
PHY-00563,Oncology,100,759,5,14,West,2,Digital-First Responders
PHY-00564,Oncology,123,1823,6,18,Northeast,1,Low Engagement Profiles
PHY-00565,Cardiology,89,1353,2,16,Midwest,2,Digital-First Responders
PHY-00566,Cardiology,146,4199,6,14,West,0,High-Touch Advocates
PHY-00567,Cardiology,88,1145,6,12,West,2,Digital-First Responders
PHY-00568,Cardiology,71,569,5,16,Midwest,2,Digital-First Responders
PHY-00569,GP,98,1883,7,14,West,1,Low Engagement Profiles
PHY-00570,Cardiology,107,1035,6,10,Northeast,2,Digital-First Responders
PHY-00571,Cardiology,124,1332,5,17,Midwest,2,Digital-First Responders
PHY-00572,GP,68,413,3,19,Northeast,2,Digital-First Responders
PHY-00573,Cardiology,124,2060,5,18,Northeast,2,Digital-First Responders
PHY-00574,GP,91,904,5,16,Northeast,2,Digital-First Responders
PHY-00575,GP,95,1627,5,12,Northeast,2,Digital-First Responders
PHY-00576,GP,140,4890,4,14,Midwest,0,High-Touch Advocates
PHY-00577,Oncology,111,1094,4,17,Northeast,2,Digital-First Responders
PHY-00578,GP,102,2259,4,13,Northeast,2,Digital-First Responders
PHY-00579,Cardiology,78,1154,3,8,West,2,Digital-First Responders
PHY-00580,Cardiology,100,768,9,15,Midwest,1,Low Engagement Profiles
PHY-00581,Cardiology,114,3216,6,15,Midwest,0,High-Touch Advocates
PHY-00582,GP,63,185,6,8,South,2,Digital-First Responders
PHY-00583,Cardiology,96,2668,8,12,Midwest,0,High-Touch Advocates
PHY-00584,Cardiology,102,158,1,29,Midwest,2,Digital-First Responders
PHY-00585,GP,123,2483,7,11,South,0,High-Touch Advocates
PHY-00586,Oncology,91,1348,2,21,Midwest,2,Digital-First Responders
PHY-00587,Oncology,84,570,1,22,Midwest,2,Digital-First Responders
PHY-00588,Oncology,91,955,6,9,Midwest,2,Digital-First Responders
PHY-00589,Oncology,132,2175,7,9,Midwest,2,Digital-First Responders
PHY-00590,Oncology,141,4593,2,18,South,0,High-Touch Advocates
PHY-00591,Oncology,110,282,6,15,Midwest,2,Digital-First Responders
PHY-00592,GP,101,603,6,16,Midwest,1,Low Engagement Profiles
PHY-00593,Oncology,104,377,7,16,South,1,Low Engagement Profiles
PHY-00594,Cardiology,111,1147,5,14,West,2,Digital-First Responders
PHY-00595,GP,84,2529,5,9,Northeast,2,Digital-First Responders
PHY-00596,Cardiology,61,326,3,13,West,2,Digital-First Responders
PHY-00597,GP,59,1320,6,13,South,2,Digital-First Responders
PHY-00598,Oncology,142,2475,9,10,Northeast,1,Low Engagement Profiles
PHY-00599,Oncology,126,944,7,17,South,1,Low Engagement Profiles
PHY-00600,Oncology,129,1549,7,14,South,1,Low Engagement Profiles
PHY-00601,Oncology,140,3060,6,16,Midwest,0,High-Touch Advocates
PHY-00602,Cardiology,86,504,3,14,Northeast,2,Digital-First Responders
PHY-00603,Oncology,94,210,3,14,Midwest,2,Digital-First Responders
PHY-00604,Oncology,124,1691,5,18,Northeast,2,Digital-First Responders
PHY-00605,Oncology,117,1725,8,12,South,1,Low Engagement Profiles
PHY-00606,Cardiology,111,890,9,15,South,1,Low Engagement Profiles
PHY-00607,Oncology,72,750,4,21,West,2,Digital-First Responders
PHY-00608,Cardiology,99,1368,5,16,Northeast,2,Digital-First Responders
PHY-00609,Cardiology,80,496,6,14,Midwest,2,Digital-First Responders
PHY-00610,GP,74,496,10,16,West,1,Low Engagement Profiles
PHY-00611,Oncology,139,2165,8,16,West,1,Low Engagement Profiles
PHY-00612,GP,59,463,5,12,West,2,Digital-First Responders
PHY-00613,GP,94,227,6,24,Midwest,1,Low Engagement Profiles
PHY-00614,Oncology,111,748,4,18,West,2,Digital-First Responders
PHY-00615,GP,80,908,5,17,Midwest,2,Digital-First Responders
PHY-00616,GP,102,1869,7,13,West,1,Low Engagement Profiles
PHY-00617,Oncology,82,806,3,11,Midwest,2,Digital-First Responders
PHY-00618,Cardiology,144,3407,9,11,South,0,High-Touch Advocates
PHY-00619,GP,93,1423,6,26,South,1,Low Engagement Profiles
PHY-00620,GP,103,660,5,26,South,1,Low Engagement Profiles
PHY-00621,Oncology,129,1813,8,16,South,1,Low Engagement Profiles
PHY-00622,Oncology,142,3367,7,11,South,0,High-Touch Advocates
PHY-00623,Cardiology,130,2124,8,24,West,1,Low Engagement Profiles
PHY-00624,Cardiology,79,305,5,9,West,2,Digital-First Responders
PHY-00625,GP,90,974,4,15,West,2,Digital-First Responders
PHY-00626,Cardiology,91,1608,9,10,Midwest,1,Low Engagement Profiles
PHY-00627,Cardiology,76,2063,7,13,Midwest,1,Low Engagement Profiles
PHY-00628,GP,98,1152,4,17,Midwest,2,Digital-First Responders
PHY-00629,Oncology,98,1028,6,19,Midwest,1,Low Engagement Profiles
PHY-00630,Cardiology,137,4179,7,19,South,0,High-Touch Advocates
PHY-00631,GP,60,2146,4,11,South,2,Digital-First Responders
PHY-00632,GP,94,1817,7,20,South,1,Low Engagement Profiles
PHY-00633,Cardiology,84,835,3,13,Northeast,2,Digital-First Responders
PHY-00634,Cardiology,83,489,4,18,West,2,Digital-First Responders
PHY-00635,Oncology,130,1840,7,15,Midwest,1,Low Engagement Profiles
PHY-00636,Cardiology,102,2310,5,13,Midwest,2,Digital-First Responders
PHY-00637,Cardiology,122,1327,6,13,South,2,Digital-First Responders
PHY-00638,Oncology,126,2150,3,19,Midwest,2,Digital-First Responders
PHY-00639,Cardiology,84,2188,4,14,Midwest,2,Digital-First Responders
PHY-00640,Cardiology,140,2416,6,18,West,0,High-Touch Advocates
PHY-00641,Oncology,115,299,6,18,South,1,Low Engagement Profiles
PHY-00642,Cardiology,104,997,5,21,West,1,Low Engagement Profiles
PHY-00643,Oncology,119,1920,6,16,Northeast,1,Low Engagement Profiles
PHY-00644,Cardiology,129,1385,9,15,Northeast,1,Low Engagement Profiles
PHY-00645,Oncology,117,2193,7,11,Northeast,2,Digital-First Responders
PHY-00646,GP,87,1817,4,12,South,2,Digital-First Responders
PHY-00647,Cardiology,122,116,6,23,Midwest,1,Low Engagement Profiles
PHY-00648,GP,107,2817,6,13,South,0,High-Touch Advocates
PHY-00649,GP,69,897,7,10,South,2,Digital-First Responders
PHY-00650,Cardiology,99,626,4,12,Midwest,2,Digital-First Responders
PHY-00651,Oncology,126,2754,5,15,West,0,High-Touch Advocates
PHY-00652,Cardiology,108,2077,5,8,Northeast,2,Digital-First Responders
PHY-00653,Cardiology,120,3017,5,20,West,0,High-Touch Advocates
PHY-00654,GP,101,1621,3,27,Northeast,2,Digital-First Responders
PHY-00655,Cardiology,79,987,7,9,South,2,Digital-First Responders
PHY-00656,Oncology,99,1486,5,16,Northeast,2,Digital-First Responders
PHY-00657,Cardiology,100,527,12,14,South,1,Low Engagement Profiles
PHY-00658,Cardiology,98,367,5,15,West,2,Digital-First Responders
PHY-00659,GP,98,783,6,19,South,1,Low Engagement Profiles
PHY-00660,Cardiology,134,3627,3,16,West,0,High-Touch Advocates
PHY-00661,Cardiology,91,852,4,16,Midwest,2,Digital-First Responders
PHY-00662,GP,84,233,6,24,Midwest,1,Low Engagement Profiles
PHY-00663,GP,88,1178,6,13,Midwest,2,Digital-First Responders
PHY-00664,Oncology,101,843,7,12,South,1,Low Engagement Profiles
PHY-00665,Oncology,140,2852,5,12,Midwest,0,High-Touch Advocates
PHY-00666,Oncology,152,3458,13,13,Northeast,0,High-Touch Advocates
PHY-00667,Oncology,86,950,1,18,West,2,Digital-First Responders
PHY-00668,Oncology,116,1620,6,19,West,1,Low Engagement Profiles
PHY-00669,Oncology,91,1720,4,10,Northeast,2,Digital-First Responders
PHY-00670,Cardiology,100,1283,3,15,South,2,Digital-First Responders
PHY-00671,Oncology,93,1109,4,12,South,2,Digital-First Responders
PHY-00672,GP,54,588,3,18,West,2,Digital-First Responders
PHY-00673,Oncology,82,191,4,12,Midwest,2,Digital-First Responders
PHY-00674,Cardiology,81,585,6,10,South,2,Digital-First Responders
PHY-00675,Cardiology,127,1249,6,16,South,1,Low Engagement Profiles
PHY-00676,GP,97,326,10,17,Northeast,1,Low Engagement Profiles
PHY-00677,Oncology,112,1559,6,13,Northeast,2,Digital-First Responders
PHY-00678,Cardiology,107,1406,6,13,Midwest,2,Digital-First Responders
PHY-00679,GP,64,844,3,13,South,2,Digital-First Responders
PHY-00680,GP,66,1071,7,9,South,2,Digital-First Responders
PHY-00681,GP,101,391,5,20,Northeast,1,Low Engagement Profiles
PHY-00682,Cardiology,118,2386,7,11,South,0,High-Touch Advocates
PHY-00683,Oncology,112,2359,3,7,West,2,Digital-First Responders
PHY-00684,GP,85,464,8,11,Northeast,1,Low Engagement Profiles
PHY-00685,GP,100,477,8,10,Midwest,1,Low Engagement Profiles
PHY-00686,Cardiology,86,592,6,15,Northeast,2,Digital-First Responders
PHY-00687,Cardiology,125,1987,8,19,South,1,Low Engagement Profiles
PHY-00688,Cardiology,115,1716,8,17,Midwest,1,Low Engagement Profiles
PHY-00689,GP,133,2733,6,24,Northeast,0,High-Touch Advocates
PHY-00690,Oncology,152,2942,12,20,West,1,Low Engagement Profiles
PHY-00691,Cardiology,82,294,5,15,West,2,Digital-First Responders
PHY-00692,Cardiology,124,1938,4,14,Northeast,2,Digital-First Responders
PHY-00693,Cardiology,146,2864,10,16,West,1,Low Engagement Profiles
PHY-00694,Oncology,115,1017,10,14,West,1,Low Engagement Profiles
PHY-00695,Oncology,121,1309,7,16,West,1,Low Engagement Profiles
PHY-00696,GP,114,1161,6,11,Midwest,2,Digital-First Responders
PHY-00697,Cardiology,114,1202,1,17,West,2,Digital-First Responders
PHY-00698,Cardiology,117,2381,4,13,West,2,Digital-First Responders
PHY-00699,Oncology,171,4079,7,16,West,0,High-Touch Advocates
PHY-00700,Cardiology,125,3329,9,18,Midwest,0,High-Touch Advocates
PHY-00701,Cardiology,100,878,5,9,Northeast,2,Digital-First Responders
PHY-00702,Oncology,115,1624,4,14,South,2,Digital-First Responders
PHY-00703,Cardiology,92,676,6,11,West,2,Digital-First Responders
PHY-00704,Oncology,88,739,4,9,Northeast,2,Digital-First Responders
PHY-00705,Oncology,125,1265,6,17,West,1,Low Engagement Profiles
PHY-00706,GP,94,722,3,20,Midwest,2,Digital-First Responders
PHY-00707,Cardiology,80,819,3,10,Northeast,2,Digital-First Responders
PHY-00708,GP,97,1596,6,17,Midwest,1,Low Engagement Profiles
PHY-00709,Cardiology,129,1918,5,15,West,2,Digital-First Responders
PHY-00710,GP,117,1882,10,16,West,1,Low Engagement Profiles
PHY-00711,GP,114,1895,6,12,Midwest,2,Digital-First Responders
PHY-00712,Cardiology,118,420,10,21,South,1,Low Engagement Profiles
PHY-00713,Cardiology,117,690,6,18,Midwest,1,Low Engagement Profiles
PHY-00714,Cardiology,102,1372,6,19,West,1,Low Engagement Profiles
PHY-00715,Cardiology,109,2776,4,10,Midwest,2,Digital-First Responders
PHY-00716,GP,120,5567,4,13,South,0,High-Touch Advocates
PHY-00717,GP,68,1672,2,15,Midwest,2,Digital-First Responders
PHY-00718,GP,105,2226,6,21,South,1,Low Engagement Profiles
PHY-00719,Oncology,121,373,3,19,South,2,Digital-First Responders
PHY-00720,GP,108,2184,7,12,Midwest,1,Low Engagement Profiles
PHY-00721,GP,124,4631,5,17,Midwest,0,High-Touch Advocates
PHY-00722,Oncology,98,687,5,14,Northeast,2,Digital-First Responders
PHY-00723,Oncology,85,842,7,14,West,1,Low Engagement Profiles
PHY-00724,GP,87,2432,5,16,South,0,High-Touch Advocates
PHY-00725,Cardiology,83,1359,4,15,Northeast,2,Digital-First Responders
PHY-00726,GP,64,171,8,14,Midwest,1,Low Engagement Profiles
PHY-00727,Oncology,97,886,5,14,West,2,Digital-First Responders
PHY-00728,GP,118,3449,5,21,Northeast,0,High-Touch Advocates
PHY-00729,Oncology,102,1065,4,17,South,2,Digital-First Responders
PHY-00730,Oncology,128,1064,6,10,Northeast,2,Digital-First Responders
PHY-00731,Oncology,126,2327,6,16,South,0,High-Touch Advocates
PHY-00732,GP,88,1716,4,11,Midwest,2,Digital-First Responders
PHY-00733,GP,84,1019,7,12,West,1,Low Engagement Profiles
PHY-00734,Cardiology,105,795,4,21,West,2,Digital-First Responders
PHY-00735,Cardiology,197,7287,6,18,West,0,High-Touch Advocates
PHY-00736,GP,116,3076,8,15,Midwest,0,High-Touch Advocates
PHY-00737,Cardiology,124,1895,4,11,South,2,Digital-First Responders
PHY-00738,GP,77,1982,3,19,Midwest,2,Digital-First Responders
PHY-00739,Cardiology,108,1207,7,18,West,1,Low Engagement Profiles
PHY-00740,Cardiology,100,1701,4,17,Midwest,2,Digital-First Responders
PHY-00741,Cardiology,113,1109,8,14,Midwest,1,Low Engagement Profiles
PHY-00742,Cardiology,102,633,9,11,Midwest,1,Low Engagement Profiles
PHY-00743,GP,88,1750,6,21,South,1,Low Engagement Profiles
PHY-00744,Cardiology,96,1035,6,11,Northeast,2,Digital-First Responders
PHY-00745,Oncology,125,1815,7,14,Northeast,1,Low Engagement Profiles
PHY-00746,GP,109,2063,11,12,Midwest,1,Low Engagement Profiles
PHY-00747,Cardiology,102,1884,3,19,Northeast,2,Digital-First Responders
PHY-00748,Cardiology,108,587,8,16,Northeast,1,Low Engagement Profiles
PHY-00749,GP,90,947,3,17,Midwest,2,Digital-First Responders
PHY-00750,GP,65,1051,4,13,Midwest,2,Digital-First Responders
PHY-00751,Oncology,133,2616,5,18,West,0,High-Touch Advocates
PHY-00752,GP,90,2524,7,9,Northeast,0,High-Touch Advocates
PHY-00753,GP,63,726,7,9,South,2,Digital-First Responders
PHY-00754,Cardiology,77,410,5,7,Midwest,2,Digital-First Responders
PHY-00755,Oncology,183,5738,10,18,West,0,High-Touch Advocates
PHY-00756,GP,79,1832,3,18,South,2,Digital-First Responders
PHY-00757,GP,50,356,2,12,Northeast,2,Digital-First Responders
PHY-00758,Cardiology,93,830,5,18,West,2,Digital-First Responders
PHY-00759,GP,94,2690,6,11,Midwest,0,High-Touch Advocates
PHY-00760,GP,147,4862,7,22,South,0,High-Touch Advocates
PHY-00761,Oncology,132,4349,5,11,Midwest,0,High-Touch Advocates
PHY-00762,Cardiology,124,1777,5,14,Northeast,2,Digital-First Responders
PHY-00763,Oncology,112,1336,7,18,South,1,Low Engagement Profiles
PHY-00764,GP,95,536,8,19,Northeast,1,Low Engagement Profiles
PHY-00765,Oncology,118,1423,2,16,Northeast,2,Digital-First Responders
PHY-00766,Cardiology,120,605,10,10,West,1,Low Engagement Profiles
PHY-00767,GP,91,954,5,12,Midwest,2,Digital-First Responders
PHY-00768,GP,96,2430,5,18,South,0,High-Touch Advocates
PHY-00769,Cardiology,119,1105,7,20,Northeast,1,Low Engagement Profiles
PHY-00770,GP,93,1047,5,19,Northeast,2,Digital-First Responders
PHY-00771,Oncology,127,1282,9,13,South,1,Low Engagement Profiles
PHY-00772,GP,147,6284,14,11,Northeast,0,High-Touch Advocates
PHY-00773,Oncology,89,483,8,16,West,1,Low Engagement Profiles
PHY-00774,Cardiology,80,1644,7,9,West,2,Digital-First Responders
PHY-00775,GP,93,4099,5,18,West,0,High-Touch Advocates
PHY-00776,Oncology,120,1279,10,7,West,1,Low Engagement Profiles
PHY-00777,Oncology,147,3038,6,21,Northeast,0,High-Touch Advocates
PHY-00778,GP,54,382,3,19,South,2,Digital-First Responders
PHY-00779,GP,85,1134,3,13,South,2,Digital-First Responders
PHY-00780,GP,85,665,6,13,South,2,Digital-First Responders
PHY-00781,GP,71,1268,7,11,South,2,Digital-First Responders
PHY-00782,Cardiology,99,1289,9,15,Midwest,1,Low Engagement Profiles
PHY-00783,Cardiology,104,1394,8,18,South,1,Low Engagement Profiles
PHY-00784,Cardiology,108,2415,5,16,Midwest,0,High-Touch Advocates
PHY-00785,Oncology,107,98,10,12,Midwest,1,Low Engagement Profiles
PHY-00786,GP,57,799,4,18,West,2,Digital-First Responders
PHY-00787,Cardiology,118,1563,7,13,Midwest,1,Low Engagement Profiles
PHY-00788,Cardiology,77,182,5,10,Northeast,2,Digital-First Responders
PHY-00789,Cardiology,111,2081,6,19,Midwest,1,Low Engagement Profiles
PHY-00790,GP,94,786,7,20,West,1,Low Engagement Profiles
PHY-00791,Oncology,117,1151,4,13,Midwest,2,Digital-First Responders
PHY-00792,Cardiology,135,2490,7,16,Northeast,0,High-Touch Advocates
PHY-00793,Cardiology,113,3130,4,16,Northeast,0,High-Touch Advocates
PHY-00794,GP,105,2125,9,15,Northeast,1,Low Engagement Profiles
PHY-00795,Oncology,131,469,10,22,West,1,Low Engagement Profiles
PHY-00796,GP,87,2052,4,13,West,2,Digital-First Responders
PHY-00797,GP,100,2149,5,16,South,2,Digital-First Responders
PHY-00798,Cardiology,123,1863,8,13,West,1,Low Engagement Profiles
PHY-00799,GP,119,3472,10,14,Northeast,0,High-Touch Advocates
PHY-00800,GP,113,1421,8,15,Northeast,1,Low Engagement Profiles
PHY-00801,GP,127,3384,9,21,West,0,High-Touch Advocates
PHY-00802,Oncology,140,3371,8,12,Midwest,0,High-Touch Advocates
PHY-00803,Cardiology,113,2191,8,19,West,1,Low Engagement Profiles
PHY-00804,GP,82,1663,6,13,West,2,Digital-First Responders
PHY-00805,Cardiology,89,1871,2,11,Northeast,2,Digital-First Responders
PHY-00806,GP,123,3972,9,24,South,0,High-Touch Advocates
PHY-00807,GP,94,2774,2,15,Northeast,2,Digital-First Responders
PHY-00808,GP,63,525,2,14,South,2,Digital-First Responders
PHY-00809,Cardiology,107,1787,4,19,Northeast,2,Digital-First Responders
PHY-00810,Oncology,103,635,4,13,West,2,Digital-First Responders
PHY-00811,GP,90,766,5,16,Northeast,2,Digital-First Responders
PHY-00812,GP,92,986,6,16,Northeast,1,Low Engagement Profiles
PHY-00813,Oncology,105,344,9,7,Northeast,1,Low Engagement Profiles
PHY-00814,GP,82,598,6,25,West,1,Low Engagement Profiles
PHY-00815,GP,116,3598,4,15,West,0,High-Touch Advocates
PHY-00816,Cardiology,90,762,5,16,West,2,Digital-First Responders
PHY-00817,Cardiology,135,2424,5,11,West,2,Digital-First Responders
PHY-00818,Cardiology,99,1518,5,9,South,2,Digital-First Responders
PHY-00819,Oncology,142,1990,12,11,South,1,Low Engagement Profiles
PHY-00820,Cardiology,107,2050,5,14,Midwest,2,Digital-First Responders
PHY-00821,GP,78,574,5,14,West,2,Digital-First Responders
PHY-00822,Oncology,125,2415,4,12,South,2,Digital-First Responders
PHY-00823,Cardiology,110,422,7,16,Northeast,1,Low Engagement Profiles
PHY-00824,Cardiology,114,735,7,10,West,2,Digital-First Responders
PHY-00825,Cardiology,122,2029,4,20,Midwest,2,Digital-First Responders
PHY-00826,GP,100,539,7,15,Midwest,1,Low Engagement Profiles
PHY-00827,Cardiology,68,160,6,14,Midwest,2,Digital-First Responders
PHY-00828,Cardiology,122,1728,8,15,Northeast,1,Low Engagement Profiles
PHY-00829,GP,96,282,4,11,South,2,Digital-First Responders
PHY-00830,Cardiology,111,2164,4,16,Northeast,2,Digital-First Responders
PHY-00831,Oncology,81,1045,3,11,West,2,Digital-First Responders
PHY-00832,Cardiology,155,1710,10,25,Midwest,1,Low Engagement Profiles
PHY-00833,Oncology,134,1687,9,14,Northeast,1,Low Engagement Profiles
PHY-00834,Oncology,126,2277,2,18,Northeast,2,Digital-First Responders
PHY-00835,Cardiology,114,2071,4,11,South,2,Digital-First Responders
PHY-00836,Cardiology,100,534,5,17,South,2,Digital-First Responders
PHY-00837,GP,94,1096,5,20,Midwest,1,Low Engagement Profiles
PHY-00838,Cardiology,103,1708,6,14,Northeast,2,Digital-First Responders
PHY-00839,Cardiology,103,3425,3,17,Northeast,0,High-Touch Advocates
PHY-00840,GP,81,2084,5,11,South,2,Digital-First Responders
PHY-00841,Oncology,147,3230,10,19,Northeast,0,High-Touch Advocates
PHY-00842,GP,92,1774,5,15,Northeast,2,Digital-First Responders
PHY-00843,Oncology,105,2807,4,8,Northeast,2,Digital-First Responders
PHY-00844,GP,97,1607,6,13,South,2,Digital-First Responders
PHY-00845,Oncology,116,2730,3,19,Midwest,0,High-Touch Advocates
PHY-00846,Cardiology,118,1002,7,15,West,1,Low Engagement Profiles
PHY-00847,Oncology,128,3687,4,9,Midwest,0,High-Touch Advocates
PHY-00848,GP,77,1919,7,12,West,1,Low Engagement Profiles
PHY-00849,Cardiology,87,347,3,16,Northeast,2,Digital-First Responders
PHY-00850,Cardiology,104,1750,6,21,Midwest,1,Low Engagement Profiles
PHY-00851,Oncology,114,2089,6,15,West,2,Digital-First Responders
PHY-00852,GP,85,2472,4,16,South,2,Digital-First Responders
PHY-00853,Oncology,175,4541,8,15,South,0,High-Touch Advocates
PHY-00854,GP,103,876,9,11,Midwest,1,Low Engagement Profiles
PHY-00855,Oncology,133,4560,1,23,Midwest,0,High-Touch Advocates
PHY-00856,Oncology,144,1337,6,13,Northeast,2,Digital-First Responders
PHY-00857,Oncology,81,704,4,15,Midwest,2,Digital-First Responders
PHY-00858,Cardiology,102,892,9,19,Northeast,1,Low Engagement Profiles
PHY-00859,Cardiology,97,2003,6,19,Northeast,1,Low Engagement Profiles
PHY-00860,Oncology,92,615,4,13,South,2,Digital-First Responders
PHY-00861,GP,102,1016,6,18,South,1,Low Engagement Profiles
PHY-00862,Cardiology,62,1719,3,7,West,2,Digital-First Responders
PHY-00863,Cardiology,108,3668,6,12,South,0,High-Touch Advocates
PHY-00864,Cardiology,137,2424,10,17,South,1,Low Engagement Profiles
PHY-00865,Cardiology,111,1378,8,18,Midwest,1,Low Engagement Profiles
PHY-00866,Cardiology,101,1996,7,13,South,1,Low Engagement Profiles
PHY-00867,Oncology,121,1598,2,8,West,2,Digital-First Responders
PHY-00868,Oncology,92,462,2,20,Midwest,2,Digital-First Responders
PHY-00869,GP,121,4092,9,12,West,0,High-Touch Advocates
PHY-00870,GP,131,3707,9,21,South,0,High-Touch Advocates
PHY-00871,Cardiology,115,1258,10,11,West,1,Low Engagement Profiles
PHY-00872,Cardiology,107,919,10,12,Midwest,1,Low Engagement Profiles
PHY-00873,GP,81,473,3,18,Northeast,2,Digital-First Responders
PHY-00874,Cardiology,117,2085,8,12,West,1,Low Engagement Profiles
PHY-00875,Oncology,139,2094,8,17,West,1,Low Engagement Profiles
PHY-00876,Oncology,130,663,8,18,Midwest,1,Low Engagement Profiles
PHY-00877,GP,97,1612,5,15,Midwest,2,Digital-First Responders
PHY-00878,GP,95,2372,4,22,West,0,High-Touch Advocates
PHY-00879,Oncology,110,867,7,15,South,1,Low Engagement Profiles
PHY-00880,Oncology,102,1140,6,9,West,2,Digital-First Responders
PHY-00881,Oncology,109,1131,7,23,Midwest,1,Low Engagement Profiles
PHY-00882,GP,76,701,2,20,Northeast,2,Digital-First Responders
PHY-00883,Oncology,94,1158,4,13,Northeast,2,Digital-First Responders
PHY-00884,Oncology,108,288,2,26,South,2,Digital-First Responders
PHY-00885,GP,104,1085,6,11,West,2,Digital-First Responders
PHY-00886,Oncology,111,1099,4,17,Northeast,2,Digital-First Responders
PHY-00887,GP,80,1270,8,15,West,1,Low Engagement Profiles
PHY-00888,Oncology,98,1892,1,17,Midwest,2,Digital-First Responders
PHY-00889,Oncology,109,436,7,11,Northeast,2,Digital-First Responders
PHY-00890,Oncology,98,520,2,12,South,2,Digital-First Responders
PHY-00891,GP,79,685,6,13,Midwest,2,Digital-First Responders
PHY-00892,GP,84,392,6,9,South,2,Digital-First Responders
PHY-00893,GP,100,2047,8,17,Midwest,1,Low Engagement Profiles
PHY-00894,Cardiology,66,836,5,14,Northeast,2,Digital-First Responders
PHY-00895,GP,99,1301,8,19,South,1,Low Engagement Profiles
PHY-00896,Oncology,138,635,5,19,South,2,Digital-First Responders
PHY-00897,Cardiology,100,995,9,17,Midwest,1,Low Engagement Profiles
PHY-00898,GP,72,1669,5,15,South,2,Digital-First Responders
PHY-00899,Oncology,123,1728,8,16,Midwest,1,Low Engagement Profiles
PHY-00900,Oncology,96,541,2,16,Midwest,2,Digital-First Responders
PHY-00901,Oncology,90,1251,3,12,Midwest,2,Digital-First Responders
PHY-00902,Oncology,87,644,2,12,Midwest,2,Digital-First Responders
PHY-00903,Oncology,111,1216,6,16,Northeast,1,Low Engagement Profiles
PHY-00904,Cardiology,113,778,9,17,Midwest,1,Low Engagement Profiles
PHY-00905,Cardiology,141,4262,5,20,West,0,High-Touch Advocates
PHY-00906,GP,74,2363,0,16,South,2,Digital-First Responders
PHY-00907,GP,111,1782,11,23,West,1,Low Engagement Profiles
PHY-00908,Cardiology,82,1065,3,11,Northeast,2,Digital-First Responders
PHY-00909,Cardiology,110,2410,11,17,West,1,Low Engagement Profiles
PHY-00910,Cardiology,103,1279,5,14,South,2,Digital-First Responders
PHY-00911,Cardiology,99,3981,5,13,West,0,High-Touch Advocates
PHY-00912,Cardiology,90,2577,4,7,Northeast,2,Digital-First Responders
PHY-00913,GP,83,989,10,14,Midwest,1,Low Engagement Profiles
PHY-00914,Cardiology,133,3686,5,13,West,0,High-Touch Advocates
PHY-00915,Cardiology,94,1069,4,18,Northeast,2,Digital-First Responders
PHY-00916,Cardiology,130,4425,3,17,Northeast,0,High-Touch Advocates
PHY-00917,Cardiology,99,3816,4,11,South,0,High-Touch Advocates
PHY-00918,GP,78,1662,7,15,South,1,Low Engagement Profiles
PHY-00919,GP,63,300,3,14,West,2,Digital-First Responders
PHY-00920,Oncology,131,1569,4,15,Midwest,2,Digital-First Responders
PHY-00921,GP,91,490,10,11,Northeast,1,Low Engagement Profiles
PHY-00922,Cardiology,98,798,4,6,West,2,Digital-First Responders
PHY-00923,GP,68,850,8,16,Northeast,1,Low Engagement Profiles
PHY-00924,GP,88,486,5,16,Northeast,2,Digital-First Responders
PHY-00925,Cardiology,93,1574,3,11,Midwest,2,Digital-First Responders
PHY-00926,Oncology,108,720,9,11,Midwest,1,Low Engagement Profiles
PHY-00927,Cardiology,82,1109,6,14,West,2,Digital-First Responders
PHY-00928,Cardiology,94,856,8,12,Midwest,1,Low Engagement Profiles
PHY-00929,GP,84,1898,5,9,Midwest,2,Digital-First Responders
PHY-00930,Cardiology,94,1801,4,16,West,2,Digital-First Responders
PHY-00931,Oncology,107,1040,8,18,Midwest,1,Low Engagement Profiles
PHY-00932,GP,63,1965,4,6,South,2,Digital-First Responders
PHY-00933,GP,96,3047,7,13,Northeast,0,High-Touch Advocates
PHY-00934,Cardiology,81,130,7,7,Northeast,2,Digital-First Responders
PHY-00935,Oncology,84,816,6,10,Northeast,2,Digital-First Responders
PHY-00936,Cardiology,99,581,5,10,Northeast,2,Digital-First Responders
PHY-00937,Oncology,98,755,9,16,West,1,Low Engagement Profiles
PHY-00938,GP,92,100,7,9,Northeast,2,Digital-First Responders
PHY-00939,Oncology,129,123,10,11,Northeast,1,Low Engagement Profiles
PHY-00940,Cardiology,85,880,4,17,Northeast,2,Digital-First Responders
PHY-00941,Cardiology,104,860,2,14,Northeast,2,Digital-First Responders
PHY-00942,Cardiology,140,3342,9,19,South,0,High-Touch Advocates
PHY-00943,GP,100,1484,10,14,Northeast,1,Low Engagement Profiles
PHY-00944,GP,90,1930,7,15,South,1,Low Engagement Profiles
PHY-00945,Oncology,196,10888,3,6,West,0,High-Touch Advocates
PHY-00946,Oncology,149,4025,6,11,Midwest,0,High-Touch Advocates
PHY-00947,Oncology,102,1286,7,20,Northeast,1,Low Engagement Profiles
PHY-00948,GP,119,941,9,22,Midwest,1,Low Engagement Profiles
PHY-00949,GP,97,827,4,24,Midwest,1,Low Engagement Profiles
PHY-00950,Cardiology,101,1703,8,13,West,1,Low Engagement Profiles
PHY-00951,GP,90,948,10,16,Midwest,1,Low Engagement Profiles
PHY-00952,GP,80,473,9,15,South,1,Low Engagement Profiles
PHY-00953,Oncology,127,853,8,11,Midwest,1,Low Engagement Profiles
PHY-00954,GP,97,1738,7,15,Midwest,1,Low Engagement Profiles
PHY-00955,Cardiology,124,2174,6,19,Midwest,1,Low Engagement Profiles
PHY-00956,Cardiology,138,4298,7,21,Northeast,0,High-Touch Advocates
PHY-00957,Cardiology,109,1437,8,19,Northeast,1,Low Engagement Profiles
PHY-00958,Oncology,119,3169,4,11,South,0,High-Touch Advocates
PHY-00959,Oncology,130,1142,7,22,South,1,Low Engagement Profiles
PHY-00960,GP,103,1268,15,14,Northeast,1,Low Engagement Profiles
PHY-00961,Oncology,108,1216,2,13,South,2,Digital-First Responders
PHY-00962,GP,94,1567,8,21,Northeast,1,Low Engagement Profiles
PHY-00963,Oncology,130,2447,8,12,West,0,High-Touch Advocates
PHY-00964,Cardiology,97,916,3,18,Midwest,2,Digital-First Responders
PHY-00965,Cardiology,63,609,5,12,Midwest,2,Digital-First Responders
PHY-00966,Cardiology,99,2583,4,14,South,2,Digital-First Responders
PHY-00967,GP,88,2458,4,22,Northeast,0,High-Touch Advocates
PHY-00968,Cardiology,144,3505,3,25,Northeast,0,High-Touch Advocates
PHY-00969,Cardiology,79,801,4,9,South,2,Digital-First Responders
PHY-00970,Cardiology,90,1110,6,17,Northeast,1,Low Engagement Profiles
PHY-00971,GP,123,2650,11,17,West,1,Low Engagement Profiles
PHY-00972,GP,61,907,4,11,Midwest,2,Digital-First Responders
PHY-00973,GP,93,2110,6,15,South,2,Digital-First Responders
PHY-00974,Oncology,102,1146,4,14,South,2,Digital-First Responders
PHY-00975,Oncology,146,1696,9,12,Northeast,1,Low Engagement Profiles
PHY-00976,Cardiology,100,464,8,12,South,1,Low Engagement Profiles
PHY-00977,Cardiology,84,1423,3,13,West,2,Digital-First Responders
PHY-00978,Oncology,158,3006,13,11,Northeast,1,Low Engagement Profiles
PHY-00979,Cardiology,90,2308,7,13,Northeast,0,High-Touch Advocates
PHY-00980,Cardiology,123,573,9,18,Northeast,1,Low Engagement Profiles
PHY-00981,Cardiology,142,4074,4,24,Northeast,0,High-Touch Advocates
PHY-00982,GP,113,2883,10,20,West,1,Low Engagement Profiles
PHY-00983,Oncology,131,486,6,13,Northeast,2,Digital-First Responders
PHY-00984,Oncology,125,858,9,16,South,1,Low Engagement Profiles
PHY-00985,GP,96,512,9,13,West,1,Low Engagement Profiles
PHY-00986,Cardiology,123,1731,9,17,Midwest,1,Low Engagement Profiles
PHY-00987,GP,101,826,11,12,Midwest,1,Low Engagement Profiles
PHY-00988,Cardiology,83,173,4,14,South,2,Digital-First Responders
PHY-00989,Oncology,119,1263,5,12,South,2,Digital-First Responders
PHY-00990,GP,74,2513,2,9,West,2,Digital-First Responders
PHY-00991,GP,97,1445,7,18,Midwest,1,Low Engagement Profiles
PHY-00992,GP,96,1977,5,9,Midwest,2,Digital-First Responders
PHY-00993,Cardiology,99,1550,8,11,Midwest,1,Low Engagement Profiles
PHY-00994,Cardiology,131,2241,5,19,Midwest,0,High-Touch Advocates
PHY-00995,Cardiology,115,1654,6,17,Midwest,1,Low Engagement Profiles
PHY-00996,Oncology,85,1210,5,15,Northeast,2,Digital-First Responders
PHY-00997,GP,58,1432,2,14,South,2,Digital-First Responders
PHY-00998,Oncology,151,3592,7,17,Northeast,0,High-Touch Advocates
PHY-00999,GP,111,2056,9,9,Midwest,1,Low Engagement Profiles
PHY-01000,Cardiology,76,572,5,15,West,2,Digital-First Responders
